IP Address,Login Source,Login Date & Time
2804:14c:7980:9395:75e0:1ef1:e0ac:6284,Mobile,"Jul 11, 2022, 2:10:21 AM"
2804:14c:7980:9395:75e0:1ef1:e0ac:6284,Mobile,"Jul 11, 2022, 2:10:21 AM"
200.182.162.162,Mobile,"Dec 18, 2022, 11:31:36 PM"
200.182.162.162,Mobile,"Dec 18, 2022, 11:31:37 PM"
200.254.84.94,Web,"Dec 18, 2022, 11:33:42 PM"
200.182.162.162,Web,"Dec 18, 2022, 11:38:59 PM"
200.182.162.162,Mobile,"Dec 18, 2022, 11:41:08 PM"
200.182.162.162,Web,"Dec 18, 2022, 11:41:33 PM"
200.182.162.162,Web,"Dec 18, 2022, 11:48:56 PM"
2804:14c:7980:9395:cd43:5d3d:c3a3:480b,Web,"Jan 30, 2023, 10:09:14 PM"
2804:14c:7980:9395:d82c:85e2:5d00:dcab,Mobile,"Jan 31, 2023, 2:07:06 AM"
2804:14c:7980:9395:d82c:85e2:5d00:dcab,Mobile,"Jan 31, 2023, 2:07:06 AM"
2804:14c:7980:9395:dce8:153a:8bcc:6f2a,Web,"May 20, 2023, 2:41:51 PM"
2804:14c:7980:9395:a80e:277c:ad60:f23,Web,"May 23, 2023, 6:19:06 PM"
2804:14c:7980:9395:d8a3:bfcb:c073:e46c,Web,"May 25, 2023, 3:35:28 PM"
2804:14c:7980:9395:d8a3:bfcb:c073:e46c,Web,"May 25, 2023, 4:26:23 PM"
2804:1c8:827e:5100:f0cb:e08f:b170:d609,Web,"Jun 3, 2023, 6:31:20 PM"
2804:1c8:827e:5100:e42d:467f:45fa:75c3,Web,"Jun 5, 2023, 1:30:22 AM"
2804:1c8:827e:5100:e42d:467f:45fa:75c3,Web,"Jun 6, 2023, 12:19:45 AM"
2804:1c8:827e:5100:e42d:467f:45fa:75c3,Web,"Jun 6, 2023, 10:43:58 PM"
2804:1c8:827e:5100:7587:bae4:a494:7e97,Web,"Jun 8, 2023, 6:43:37 PM"
177.129.27.23,Web,"Jun 14, 2023, 9:00:56 PM"
177.129.27.23,Web,"Jun 14, 2023, 9:04:37 PM"
177.129.27.23,Web,"Jun 14, 2023, 9:34:53 PM"
177.129.27.120,Web,"Jun 26, 2023, 1:53:16 PM"
2804:214:859e:426b:cc1b:91ff:feef:a88b,Web,"Jun 26, 2023, 4:40:26 PM"
2804:1c8:82af:100:15a4:3f75:8b72:ab5b,Web,"Jun 26, 2023, 11:21:25 PM"
2804:1c8:82af:100:2443:f533:1504:6017,Web,"Jun 27, 2023, 9:11:33 PM"
179.185.248.196,Web,"Jun 30, 2023, 5:50:16 PM"
2804:1c8:8224:7900:59a9:7db0:2e6a:4ec0,Web,"Jul 5, 2023, 11:01:38 AM"
177.129.27.77,Web,"Jul 14, 2023, 7:37:43 PM"
177.129.27.245,Web,"Jul 19, 2023, 1:25:31 PM"
177.129.27.245,Web,"Jul 19, 2023, 1:29:28 PM"
2804:1c8:8273:ee00:45cc:f5fe:1ce1:8c5c,Web,"Jul 19, 2023, 6:53:48 PM"
2804:1c8:825b:3b00:2d79:2c8c:ebb0:c842,Web,"Aug 1, 2023, 1:50:15 PM"
177.129.27.102,Web,"Aug 4, 2023, 3:15:11 PM"
2804:1c8:8253:9f00:c870:fbe0:cc47:d0e9,Web,"Aug 8, 2023, 7:20:57 PM"
2804:1c8:8253:9f00:f810:e0c1:20b6:150,Web,"Aug 10, 2023, 1:24:41 PM"
2804:1c8:8253:9f00:f810:e0c1:20b6:150,Web,"Aug 10, 2023, 10:17:06 PM"
2804:1c8:8253:9f00:f810:e0c1:20b6:150,Web,"Aug 11, 2023, 12:07:58 AM"
177.129.27.192,Web,"Aug 14, 2023, 12:10:25 PM"
2804:1c8:82f4:6b00:e543:e3b0:f886:5dad,Mobile,"Aug 14, 2023, 1:24:18 PM"
2804:1c8:82f4:6b00:e543:e3b0:f886:5dad,Mobile,"Aug 14, 2023, 1:24:19 PM"
2804:1c8:82f4:6b00:14d8:3132:f0ed:3ad0,Web,"Aug 18, 2023, 6:07:53 PM"
2804:1c8:82f4:6b00:5ce5:49e:d77e:c81f,Web,"Aug 25, 2023, 5:17:44 PM"
2804:1c8:8273:1400:8d85:d5c6:4b81:2e13,Web,"Sep 10, 2023, 2:22:47 PM"
2804:1c8:8273:1400:b0e7:a7a1:576d:f01b,Web,"Sep 11, 2023, 12:38:43 PM"
2804:1c8:8273:1400:d538:4168:80e:dcfc,Web,"Sep 11, 2023, 4:36:39 PM"
2804:1c8:8273:1400:d538:4168:80e:dcfc,Web,"Sep 11, 2023, 5:20:30 PM"
2804:1c8:8273:1400:d538:4168:80e:dcfc,Web,"Sep 11, 2023, 7:02:34 PM"
2804:1c8:8277:3e00:7543:9453:42c1:4560,Web,"Sep 24, 2023, 7:19:53 PM"
177.129.27.158,Web,"Sep 28, 2023, 4:31:09 PM"
2804:1c8:8280:c900:c430:566a:1e66:d66c,Web,"Oct 9, 2023, 7:11:33 PM"
2804:1c8:8210:b00:5999:a1d4:5247:69ce,Web,"Oct 19, 2023, 12:23:38 AM"
2804:1c8:8249:d500:61e7:393b:8e16:7e8f,Web,"Oct 25, 2023, 8:47:17 PM"
2804:1c8:8249:d500:e085:59cd:1171:bf44,Web,"Oct 31, 2023, 12:06:41 PM"
2804:1c8:8249:d500:e085:59cd:1171:bf44,Web,"Nov 1, 2023, 11:24:29 AM"
2804:1c8:8249:d500:e085:59cd:1171:bf44,Web,"Nov 1, 2023, 2:21:21 PM"
2804:1c8:8249:d500:e085:59cd:1171:bf44,Web,"Nov 1, 2023, 2:38:33 PM"
2804:1c8:8249:d500:c88a:6f8c:e20c:485a,Web,"Nov 2, 2023, 7:03:43 PM"
2804:1c8:8249:d500:c88a:6f8c:e20c:485a,Web,"Nov 2, 2023, 7:14:32 PM"
2804:1c8:82a2:4c00:60e1:ad09:a6f4:d9f9,Web,"Nov 3, 2023, 5:14:07 PM"
2804:1c8:82a2:4c00:3527:c576:eef4:5e44,Web,"Nov 6, 2023, 11:45:24 AM"
2804:1c8:82b0:5a00:f0db:f89b:72eb:d6b9,Web,"Nov 7, 2023, 7:32:31 PM"
2804:1c8:82b0:5a00:f0db:f89b:72eb:d6b9,Web,"Nov 7, 2023, 7:54:20 PM"
2804:1c8:82b0:5a00:f0db:f89b:72eb:d6b9,Web,"Nov 8, 2023, 12:19:28 PM"
2804:1c8:82b0:5a00:cdde:1ea:a9d7:f92,Web,"Nov 9, 2023, 11:34:23 AM"
2804:1c8:82b0:5a00:cdde:1ea:a9d7:f92,Web,"Nov 9, 2023, 8:17:08 PM"
2804:1c8:82b0:5a00:512d:9d4a:5cd9:4a95,Web,"Nov 10, 2023, 11:58:17 AM"
177.129.27.204,Web,"Nov 20, 2023, 12:48:23 AM"
177.129.27.16,Web,"Dec 5, 2023, 10:12:39 PM"
2804:1c8:82da:5000:a1ad:92c6:786b:9e3e,Web,"Dec 12, 2023, 11:16:44 AM"
2804:1c8:828c:1500:f45f:83b2:f356:3716,Web,"Dec 13, 2023, 4:33:43 PM"
2804:1c8:82d2:4e00:9c45:1e9e:559f:c199,Web,"Dec 14, 2023, 12:01:19 AM"
186.195.68.17,Web,"Dec 20, 2023, 4:28:52 PM"
2804:1c8:82a4:d500:c9f0:f879:f3fd:14c0,Web,"Dec 21, 2023, 5:16:12 PM"
2804:1c8:82ef:d500:f595:8cd7:8e8f:65c9,Web,"Jan 16, 2024, 11:37:15 AM"
2804:1c8:82ef:d500:f595:8cd7:8e8f:65c9,Web,"Jan 16, 2024, 2:42:13 PM"
2804:1c8:82ef:d500:f595:8cd7:8e8f:65c9,Web,"Jan 16, 2024, 6:53:04 PM"
2804:1c8:82ef:d500:51ed:dbcd:e8c0:6852,Web,"Jan 17, 2024, 11:40:50 AM"
177.129.27.122,Web,"Jan 20, 2024, 7:03:40 PM"
2804:1c8:824e:9000:8494:c168:9f2c:a4ed,Web,"Feb 8, 2024, 12:33:22 PM"
177.129.27.245,Web,"Feb 15, 2024, 2:26:27 PM"
2804:1c8:8296:8600:e55f:12f5:5389:359a,Web,"Feb 21, 2024, 1:14:43 PM"
2804:1c8:8296:8600:e55f:12f5:5389:359a,Web,"Feb 21, 2024, 2:39:49 PM"
2804:1c8:8296:8600:c523:96f1:ca7e:b432,Web,"Feb 21, 2024, 6:49:08 PM"
2804:cf8:10:601::2,Web,"Feb 22, 2024, 8:03:54 PM"
2804:214:8669:13c4:a44b:d7ff:fecb:f52c,Web,"Feb 22, 2024, 8:59:00 PM"
2804:2984:9959:5400:5d42:3593:d1d9:9927,Web,"Feb 23, 2024, 11:55:11 AM"
2804:2984:9959:5400:5d42:3593:d1d9:9927,Web,"Feb 23, 2024, 6:48:51 PM"
2804:2984:9959:5400:5d42:3593:d1d9:9927,Web,"Feb 26, 2024, 2:07:58 PM"
143.0.229.184,Web,"Feb 27, 2024, 5:27:55 PM"
2804:214:8660:35a:5451:c3ff:fe74:49a9,Web,"Feb 27, 2024, 9:48:00 PM"
143.0.229.184,Web,"Feb 29, 2024, 11:55:58 AM"
2804:2984:9934:3b00:b95b:2408:bb1f:707f,Web,"Mar 5, 2024, 10:52:45 PM"
2804:2984:9934:3b00:a98f:26a0:d13c:e142,Web,"Mar 7, 2024, 12:51:48 AM"
2804:2984:9934:3b00:a98f:26a0:d13c:e142,Web,"Mar 8, 2024, 3:19:30 PM"
143.0.228.241,Web,"Mar 11, 2024, 6:24:05 PM"
143.0.228.241,Web,"Mar 12, 2024, 1:31:07 PM"
2804:2984:991e:a500:a00b:15d:4a6b:c8d3,Web,"Mar 14, 2024, 12:16:38 PM"
2804:2984:9971:1500:f172:90d2:7b97:8701,Web,"Mar 15, 2024, 2:20:07 AM"
2804:2984:9971:1500:f13e:b861:addf:caf4,Web,"Mar 16, 2024, 1:04:26 AM"
2804:2984:9971:1500:f13e:b861:addf:caf4,Web,"Mar 19, 2024, 12:58:33 PM"
2804:2984:996d:c300:c15e:771a:c047:165d,Web,"Mar 20, 2024, 3:24:23 PM"
143.0.229.35,Web,"Mar 21, 2024, 9:16:59 PM"
2804:2984:9900:6000:9de9:5b5:6e73:8ba6,Web,"Mar 26, 2024, 5:38:57 PM"
2804:2984:9900:6000:9de9:5b5:6e73:8ba6,Web,"Mar 26, 2024, 7:41:50 PM"
2804:2984:9900:6000:9de9:5b5:6e73:8ba6,Web,"Mar 27, 2024, 12:11:18 AM"
2804:2984:9900:6000:9de9:5b5:6e73:8ba6,Web,"Mar 28, 2024, 7:22:33 PM"
2804:2984:9983:8000:50a7:2701:67b5:ba4d,Web,"Apr 2, 2024, 8:39:34 PM"
143.0.229.52,Web,"Apr 7, 2024, 7:34:04 PM"
2804:2984:991f:df00:a405:b5d3:d14c:7a33,Web,"Apr 13, 2024, 2:23:44 PM"
2804:2984:991f:df00:a405:b5d3:d14c:7a33,Web,"Apr 14, 2024, 1:26:31 PM"
2804:2984:991f:df00:5505:1034:9b27:8cc6,Web,"Apr 18, 2024, 1:00:21 PM"
2804:2984:991f:df00:6503:7077:5114:56f8,Web,"Apr 20, 2024, 4:52:41 PM"
2804:2984:992e:500:39d0:9154:b2c0:bac5,Web,"Apr 27, 2024, 10:46:32 PM"
2804:cf8:10:601::2,Web,"Apr 29, 2024, 11:56:43 AM"
2804:2984:9932:4d00:829:fbbc:3b04:455f,Web,"May 1, 2024, 2:14:55 PM"
2804:2984:9932:4d00:29e8:11a5:f7d9:85ea,Web,"May 7, 2024, 2:37:57 PM"
2804:2984:9932:4d00:9d96:2bf0:cb3:3bc7,Web,"May 10, 2024, 2:07:56 PM"
2804:2984:99e0:3000:2893:6888:adc4:3f86,Mobile,"May 15, 2024, 10:38:58 PM"
2804:2984:9951:700:e117:e95e:f176:f076,Web,"May 22, 2024, 12:27:33 PM"
143.0.228.219,Web,"May 27, 2024, 3:00:34 PM"
2804:2984:99cd:3b00:f412:8790:80d8:3d67,Web,"May 31, 2024, 11:45:21 AM"
2804:2984:9956:e000:318d:c1eb:4a32:868d,Web,"Jun 9, 2024, 4:44:08 PM"
2804:2984:994a:2700:3410:4994:7145:c458,Web,"Jun 24, 2024, 11:25:49 AM"
177.129.25.149,Web,"Jun 24, 2024, 9:49:07 PM"
2804:2984:9950:9500:8854:b7b2:70df:ef9a,Web,"Jul 3, 2024, 6:57:29 PM"
2804:2984:9950:9500:f0bd:f690:3cfe:171,Web,"Jul 10, 2024, 5:16:28 PM"
2804:2984:9950:9500:e573:44ea:5ddc:d30d,Web,"Jul 12, 2024, 10:16:15 PM"
2804:2984:9950:9500:e573:44ea:5ddc:d30d,Web,"Jul 12, 2024, 11:20:46 PM"
2804:2984:9950:9500:e573:44ea:5ddc:d30d,Web,"Jul 14, 2024, 2:02:20 PM"
2804:2984:9950:9500:e573:44ea:5ddc:d30d,Web,"Jul 15, 2024, 1:25:58 AM"
2804:2984:9950:9500:e573:44ea:5ddc:d30d,Web,"Jul 15, 2024, 2:00:54 PM"
2804:2984:9950:9500:1036:454a:a209:4eab,Web,"Jul 15, 2024, 9:18:41 PM"
2804:2984:9950:9500:1036:454a:a209:4eab,Web,"Jul 16, 2024, 4:49:36 PM"
2804:2984:9950:9500:1036:454a:a209:4eab,Web,"Jul 16, 2024, 5:56:13 PM"
2804:2984:9950:9500:42b:c04e:34:3722,Web,"Jul 16, 2024, 9:54:41 PM"
2804:2984:9950:9500:1036:454a:a209:4eab,Web,"Jul 16, 2024, 10:40:29 PM"
2804:2984:9950:9500:1036:454a:a209:4eab,Web,"Jul 17, 2024, 11:37:51 AM"
2804:2984:9950:9500:1036:454a:a209:4eab,Web,"Jul 17, 2024, 12:13:40 PM"
2804:2984:9950:9500:1036:454a:a209:4eab,Web,"Jul 17, 2024, 2:30:48 PM"
143.0.228.251,Web,"Jul 17, 2024, 4:58:45 PM"
2804:2984:9950:9500:9d81:e276:4a10:5a43,Web,"Jul 18, 2024, 12:27:07 AM"
2804:2984:9950:9500:90f4:e9d2:75f3:2f2d,Web,"Jul 20, 2024, 2:00:29 PM"
2804:2984:9950:9500:a5a3:3713:fef6:dae3,Web,"Jul 24, 2024, 12:33:28 AM"
2804:2984:994b:ec00:2dee:fac0:8946:c9b8,Web,"Jul 25, 2024, 12:30:58 AM"
143.0.228.100,Web,"Jul 26, 2024, 2:46:30 PM"
143.0.228.100,Web,"Jul 26, 2024, 9:46:17 PM"
2804:2984:990b:d700:6c36:5e86:8921:339a,Web,"Jul 28, 2024, 4:06:48 PM"
2804:2984:990b:d700:6c36:5e86:8921:339a,Web,"Jul 28, 2024, 7:36:55 PM"
143.0.228.95,Web,"Aug 5, 2024, 11:54:19 AM"
143.0.228.95,Web,"Aug 5, 2024, 12:47:09 PM"
2804:2984:990c:2a00:5837:cf1b:46cb:d330,Web,"Aug 12, 2024, 11:47:49 AM"
2804:2984:990c:2a00:5837:cf1b:46cb:d330,Web,"Aug 12, 2024, 12:39:28 PM"
2804:2984:990c:2a00:d15e:bf40:4b69:412e,Web,"Aug 16, 2024, 12:01:35 PM"
2804:2984:991d:9300:f97c:c64d:660a:14e3,Web,"Aug 19, 2024, 8:15:37 PM"
2804:2984:991d:9300:2537:7cf:4180:da56,Web,"Aug 21, 2024, 12:18:12 AM"
2804:2984:991d:9300:34ac:6ee0:50e4:7ee4,Web,"Aug 22, 2024, 10:14:31 PM"
2804:2984:991d:9300:1dc0:799f:84ce:e46f,Web,"Aug 25, 2024, 10:30:19 AM"
2804:2984:991d:9300:2569:11d9:84ab:4adb,Web,"Aug 25, 2024, 10:24:37 PM"
2804:2984:991d:9300:ddbe:c:decf:a4ff,Web,"Aug 26, 2024, 12:12:26 PM"
2804:2984:991d:9300:a824:ec06:7d78:14fa,Web,"Aug 26, 2024, 11:29:39 PM"
2804:2984:990e:6e00:3c4a:e9fe:2f4d:f680,Web,"Aug 28, 2024, 8:03:07 PM"
143.0.228.236,Web,"Sep 16, 2024, 3:40:10 PM"
143.0.228.236,Web,"Sep 16, 2024, 4:46:19 PM"
143.0.228.236,Web,"Sep 16, 2024, 6:00:34 PM"
2804:2984:9953:e000:a963:8c11:919a:80c4,Web,"Sep 20, 2024, 1:46:20 AM"
